true_label,predicted_label,assigned_model,sample_complexity
0,0,0,-0.6555594772830334
1,0,0,-0.5159544167702187
0,0,1,-0.32116481356663285
1,1,1,-0.33390488063051804
0,0,3,1.8350223248866648
0,1,1,0.7403834632750275
1,1,3,0.6296912639337084
1,0,3,1.976966498221249
1,1,3,1.3998640052357612
1,1,3,0.9159526363102478
0,0,1,-0.4235428315349139
0,0,0,-0.8409253392798015
0,1,1,-0.6198531890334503
1,1,0,0.21414014353826766
0,0,1,-0.28033180547974723
0,0,0,-0.6994027110131995
1,1,0,-0.6445703988337839
1,1,3,0.7652417616003612
0,0,0,0.317735762636042
1,0,1,0.10938294303017242
1,1,0,-0.8652240063436344
0,1,0,-0.8292652861902836
0,0,0,-0.6810988730475824
0,0,3,0.7122993967394373
0,0,1,0.23040218060208495
1,0,0,-0.42587564198776073
1,1,0,-0.1549019499517779
1,1,1,0.31512649719401425
0,0,0,-0.6769761969431142
1,0,1,-0.8042326891054891
0,0,0,-0.9237064225217895
0,1,0,-0.642238115461039
0,0,0,-0.4942822996332299
0,0,0,-0.67555603101988
1,1,0,-0.7768866485897218
0,0,3,3.8063092856358116
0,0,3,2.3088213087463254
1,1,1,0.08057207084179215
0,0,0,-0.48872428423571723
1,1,0,-0.4101866974420052
1,1,0,-0.5751182345923239
1,0,1,-0.6679257808607977
1,1,3,1.3206102787862726
0,1,0,-0.6801218867919372
0,1,0,-0.24078108113945484
0,0,2,0.3560951735409864
1,1,3,3.03800793945561
0,0,1,-0.43122492632627024
1,1,0,-0.7740744607414833
0,0,0,-0.7903627939756447
0,1,1,-0.612069650984131
0,0,0,-0.8383656544550359
1,1,0,-0.7336917604270952
0,0,1,-0.08271411694825843
0,0,3,6.372736078532893
0,0,1,-0.36635941025883745
1,0,0,-0.7659520391324272
1,0,1,-0.06284098839966408
0,0,0,-0.5803572280439022
0,0,0,-0.5601990784395654
0,0,1,0.0378170147167447
1,1,3,0.3116206214058775
1,0,1,-0.5571653441401154
1,1,0,-0.6088725487175328
0,0,0,-0.09402051165972546
1,1,3,0.9699392494881207
0,0,2,0.7816103716997896
0,0,3,1.1555969911171529
0,1,0,-0.37016240898449343
0,1,1,-0.6202287525841582
1,0,0,-0.46626244061965066
0,1,0,-0.7360155113431537
0,1,3,1.3567289994667644
0,1,0,-0.7224858998944593
0,0,3,1.0541402141063467
1,0,0,-0.3434924014001763
1,1,0,-0.5861903728481719
0,0,0,-0.8269300105291586
0,0,0,-0.6970849266568888
1,1,3,0.8552901058449786
1,1,0,0.4007294714163047
1,1,1,0.18245847239528593
1,1,1,-0.17661299562963226
0,0,0,0.4974745298924647
0,0,3,2.2839347798090923
1,1,0,-0.14821029173911918
1,0,0,-0.7426641298529798
0,1,0,-0.3217574852127625
1,0,1,-0.8743558864563399
1,1,0,-0.35154406838383895
1,0,0,-0.8751756127590452
0,1,0,-0.630354623554736
0,0,0,-0.7161723761148667
0,0,0,-0.6787782423797112
0,0,0,-0.7812032151334845
1,1,1,-0.3023095234273559
1,0,1,-0.03794042893528397
1,1,2,0.269822957632697
1,1,1,-0.14373747125683714
0,0,0,-0.6676469710587472
0,0,1,-0.13627709390502926
1,1,0,-0.09626286916148745
0,1,0,-0.7183127676285292
1,1,0,-0.10136368173544646
1,1,0,-0.5280783002422591
1,1,0,-0.19333031719611152
1,1,0,-0.37402627562463425
0,0,1,0.5068037292054164
0,0,0,-0.5923726113495289
0,0,0,-0.43661375852247686
1,1,3,-0.1509997311385791
1,1,2,1.049454615099543
1,1,0,-0.6066792537506123
0,1,0,-0.5556865023885411
1,0,0,-0.6645362421172435
1,1,1,-0.4247487129154081
0,0,0,1.0169669451794587
0,0,3,2.8325498882403033
0,0,3,0.24284487083931608
0,0,0,-0.5656269355336586
1,1,1,-0.3033620956774296
0,0,3,0.15885832234438807
1,1,3,0.8635688973012979
1,0,0,-0.6413477365636381
1,1,0,-0.8943133051240165
0,0,0,-0.4866378976738972
1,1,0,-0.7992948220760503
0,1,0,-0.8457435729401521
1,1,1,-0.08901025446481668
0,1,0,-0.703042552547856
0,0,1,-0.340454203126091
1,1,0,-0.36801895093415365
0,1,1,-0.5200954444760953
1,1,1,0.1890086337005842
1,1,0,-0.6176944774801036
1,0,1,-0.5142458617720806
1,1,3,1.4179562566865085
1,0,0,-0.9624825502049241
1,1,3,1.4160295806059466
0,0,0,-0.26610852902200344
0,0,0,-0.5853220793096079
0,0,3,1.0097987682413188
0,0,1,-0.6526225760480909
0,0,3,2.241713025247865
0,0,0,-0.6282343986052246
1,1,0,-0.32437586925209
1,1,0,0.26663061770120583
0,0,0,-0.8878646138857766
1,1,0,-0.7392088095423489
0,0,0,-0.07537285644872124
0,1,1,0.530426288155596
1,1,1,-0.5259854079659948
1,0,3,-0.025608421769689856
0,0,0,-0.6401530362521363
1,1,0,-0.41565226947095346
1,0,0,-0.4336607108022989
1,1,0,-0.22140130078281176
1,1,3,0.5956175380072213
1,1,1,-0.13937072371227927
1,0,0,-0.48897484363896615
0,0,1,0.30756859247037627
0,0,1,-0.7294344540964007
1,0,1,-0.13792098720174448
0,0,1,-0.11427131694873864
1,0,1,-0.7150209339428373
1,1,0,-0.5059407854702396
0,0,0,-0.768431805853725
0,0,0,-0.720904482409906
0,0,1,1.6380646053873624
0,1,0,-0.7963125111777382
1,1,0,-0.1392116663473452
1,1,1,0.30348867517616424
1,0,0,-0.5069213772838742
0,0,0,0.049033209658473756
1,0,1,-0.19589041941934207
0,0,0,-0.5757597305953692
0,1,0,-0.6240176014981323
1,1,1,0.12256218200194914
1,0,1,0.02548678992172542
1,1,0,-0.2625975193118442
0,0,1,-0.8259824288601207
0,1,1,-0.58326056538811
0,0,1,0.1076091513706886
0,0,0,-0.21089502070881366
1,1,0,-0.5202055738036238
0,0,0,-0.8084714356859993
1,1,0,-0.9161662449535801
0,0,0,-0.14014987734037243
0,0,1,0.057946795058562865
0,0,1,-0.34910143152965595
0,0,1,-0.1523632798622904
1,1,0,-0.4341880644355237
0,0,0,-0.20106700915753234
1,1,0,-0.7567377337267956
0,0,3,1.569347393688079
0,0,3,0.8665719072339538
0,0,3,0.5480586544720406
1,1,3,0.07740063807295
0,0,1,0.05666675862361384
0,0,0,-0.7441892336224892
1,0,0,-0.41662584248262974
0,0,0,-0.45477221915440696
0,0,3,3.3179398669359177
0,0,1,0.09488497608339767
1,1,1,-0.208743514954282
0,0,0,0.8631665357349527
0,0,0,-0.7404161038668006
1,1,0,-0.35141251926002903
0,0,3,0.5738537429000411
1,1,1,0.5965634800743099
1,1,1,-0.3818544015103716
0,0,0,-0.2862253777478108
1,1,0,-0.540300680425616
0,0,0,-0.8177715156434405
1,1,3,2.4200690212085787
0,0,0,-0.840923135242626
1,1,0,-0.6368433418125644
0,1,0,-0.9431424865067656
0,0,0,-0.4220864456739174
0,0,2,0.27335818665599904
1,1,0,-0.7270824628887496
0,0,1,-0.23588439508101128
0,1,0,-0.9415351736569171
0,0,1,-0.1895720793519522
1,1,0,-0.5027192100594968
0,1,0,-0.7983798306827112
1,1,3,0.6734144763562137
0,0,2,0.7102291482971126
0,1,0,-0.5839244590830156
1,1,1,0.17891528094110778
1,1,1,0.06629728764090013
0,0,3,0.11472215217148345
0,0,0,0.9569560043750719
1,1,0,-0.21655859769675873
0,0,3,2.1080393674759956
0,0,0,-0.30577235862659574
0,0,0,-0.41810742693406083
1,1,0,-0.4750277809960328
0,0,3,1.5703582795181585
0,0,0,-0.6199885442706318
0,0,0,-0.6054055756303142
0,1,0,0.7055941668231415
0,0,1,-0.3770236819839512
0,0,0,-0.7765079353722548
0,0,1,-0.2053630585232369
1,1,0,-0.9962294910453809
0,0,0,-0.40358778612959373
0,0,0,0.175871100713249
1,1,1,-0.4259349406990044
1,1,2,0.5582738059621701
1,1,1,-0.5764955407390489
1,0,0,-0.7569914698487209
1,1,3,0.8937979609937449
0,0,1,0.8349043499209571
1,0,0,-0.43952421852389534
1,1,0,-0.4159899224110012
1,1,0,-0.15889729708074055
1,1,1,-0.6892183142603062
1,1,0,-0.15164071346588742
0,0,0,-0.6848349993565821
0,0,0,-0.1863311426514214
1,1,0,-0.5995192972600839
1,1,1,-0.6476042809407004
1,0,0,-0.33883389390123553
1,1,0,-0.5222633636372154
1,1,0,-0.8079957637689967
1,1,0,-0.5212759044684099
0,0,3,2.359253976961405
1,1,0,0.26089385618046257
0,1,0,-0.3424809993378136
1,1,0,0.6306789742478186
1,1,0,-0.13635760385589277
0,0,3,-0.01650853950845364
0,0,0,-0.7035478640380465
0,0,2,0.6215992896274878
1,1,1,0.4922324773437431
1,1,0,-0.9689328523285192
0,0,3,7.18868411592117
1,1,0,0.7651625331129421
0,0,1,0.15687199809969668
1,1,3,1.8117586128234944
1,1,0,-0.8055608909061563
0,0,0,-0.49329391227506797
1,1,1,0.7965892960566823
1,1,0,-0.34135402753537003
0,0,1,-0.5713446893124059
1,1,1,-0.03463476384673186
0,0,1,-0.386760407736418
1,1,1,0.019655331036358043
1,0,0,-0.6933167912861911
1,0,1,-0.37241782896155956
1,1,0,0.30242261450576435
1,0,0,0.14652625705485106
0,0,0,-0.7960204694286979
1,1,1,0.0759748248727133
1,1,3,0.6768946085804866
0,0,0,-0.4709912052782228
0,0,0,-0.39629955935142785
1,1,0,0.19959139496611533
1,1,0,-0.5426691085233898
0,1,1,-0.7150125793728797
0,1,0,-0.15936745334816155
1,1,1,-0.3456297742151124
0,0,0,-0.3786068663753714
0,0,0,-0.4214342614735658
1,0,1,-0.5984139332068592
1,1,3,1.0552069238569266
0,0,3,1.661431223247033
0,0,1,0.10237314483953526
0,0,3,1.6619714988436933
0,1,3,1.5262378870670843
0,0,1,1.0233349671011427
1,0,0,-0.8236593908291242
0,0,0,-0.9198386227538436
1,1,0,-0.4628177346543832
1,1,0,-0.08524828649909459
0,1,1,-0.7882789308285207
1,1,0,-0.7247939876479997
1,0,0,-0.7413087520003261
0,1,0,-0.7337940088825493
1,1,1,0.532798879468852
1,0,0,-0.5256409506445757
0,0,1,-0.5209949259668336
0,0,3,1.6399249172719153
0,0,1,-0.22989478911590036
1,1,0,-0.7186328814829809
0,1,0,-0.8924193281910494
1,1,0,-0.46297326236657843
0,0,0,0.006138142863174897
0,0,1,0.629801486429179
1,1,3,0.9599536323476079
0,0,0,-0.630927305949609
0,0,0,-0.5997388457558746
0,0,0,-0.23501496388167992
0,1,3,4.590232918610689
1,1,3,0.7518844706072878
1,1,1,-0.17210462365932136
1,0,1,-0.49223029689255976
0,0,0,0.0026255271697624223
0,1,0,-0.5598186894721041
0,0,0,-0.7668469014670034
0,0,3,1.7304831448908726
1,1,0,-0.549769823276743
0,1,0,0.5331068961525077
1,1,0,-0.3125760959010037
1,1,3,1.2359837139417538
0,0,0,0.6472750800809289
0,0,0,-0.8480754026018347
1,1,0,-0.8585307968042335
1,0,0,-0.5792407153153327
1,1,3,0.8084286046408498
1,1,0,-0.8448887404776743
0,0,1,0.6430190050452694
1,1,0,-0.9709686200035774
1,1,0,0.4650719574730181
1,1,0,-0.6207828005363808
1,1,0,-0.8585267991913379
1,1,0,-0.6744595872425982
1,1,0,-0.857282379239043
1,0,0,-0.20112900693600963
1,0,3,1.2291375586988549
0,0,1,-0.33685464812767607
0,1,0,-0.6284675979230491
1,1,1,0.2535489573885416
0,0,3,1.6987724984872634
1,1,1,-0.29749290650009497
1,1,0,-0.8827829438222519
1,0,0,-0.4613224691232981
1,0,3,0.3177120060952025
1,1,0,-0.5317697737786422
1,1,0,-0.6402823822318388
1,1,3,8.963688586620483
1,0,0,-0.3600096319150776
0,0,1,-0.10453776382338639
1,1,0,0.011797359151091653
1,1,1,-0.863250978518204
1,0,0,-0.6800381041619329
0,1,0,-0.62377058416311
1,1,3,1.317658900200401
1,1,2,0.09967763502856203
1,1,1,0.19061886263439087
0,0,1,-0.7578892905681648
1,1,0,-0.5624351648384626
1,1,0,-0.5742787994287085
0,1,0,-0.6475677711456016
1,1,3,0.670213629312189
0,0,0,-0.32024550042562755
1,1,0,-0.43870477765145194
1,0,0,-0.3207092133717427
0,0,0,-0.04305993819147954
1,1,0,-0.05698879682315226
1,1,3,0.5858976923990985
1,1,3,2.7556403250722163
1,1,1,-0.7292606707239246
1,1,3,1.0187406950649693
0,1,0,-0.8899226918488139
1,1,0,0.6973570586347392
1,1,0,-0.43363955238909513
1,1,3,0.08409783150734107
1,0,1,-0.9197432602647833
0,0,0,-0.17925960393147328
1,1,0,-0.1657058061760206
0,0,1,-0.4976609193525506
1,1,3,2.4305672778052174
0,0,0,-0.5643538306775366
0,0,0,-0.7914329411242517
1,1,3,3.4010691722943465
0,0,0,-0.4287383417607048
0,0,0,-0.840509778224417
0,0,0,-0.572688383683125
1,1,0,-0.7820790193680562
0,0,1,-0.4614377786888184
0,0,1,-0.5397303197358521
0,1,1,0.07082347720765535
1,1,1,0.6328054271101178
0,0,0,0.26993128348031753
1,1,1,-0.0921168672201309
0,0,0,-0.7635195416900914
0,0,0,-0.3270108696026723
0,0,2,-0.35051811948815925
0,0,3,0.02463653508224479
1,1,0,0.15648969659130496
0,0,0,-0.2564052166934316
1,1,1,-0.10777568385468579
1,1,0,-0.6474037565711172
1,1,3,0.5624846571465082
1,1,3,0.3464397850860212
1,1,1,-0.2820573250072286
1,1,1,0.2512791725024314
0,0,1,-0.26219293749876693
1,0,1,-0.5974842645024573
0,0,0,-0.5545634067099098
1,1,0,-0.15522691129189023
0,0,0,-0.6911059627558078
0,1,0,-0.9139323011701583
1,1,0,-0.9427089460166668
0,0,0,-0.6119429235900478
0,0,1,0.24804325358377877
0,0,0,0.21308062205738693
1,0,0,-0.9818206354028644
1,1,1,-0.33931818421577714
1,1,1,-0.8812012331105463
1,1,1,1.0881989564067645
1,1,3,0.9577296062631345
1,0,1,-0.6312855270228179
1,1,3,4.240981365870389
1,0,0,-0.16902909500730698
1,1,3,3.04336409280884
0,0,0,-0.4695711329737125
0,1,1,-0.8543162152628978
0,0,0,-0.8040032874033023
1,1,0,-0.4862340064610914
0,0,0,-0.6955836513416407
0,0,1,0.126173847372223
1,1,0,-0.6593817392036135
0,0,0,0.25026486547781474
0,0,3,1.3673994344606655
1,1,1,1.414843874069441
1,0,3,3.0159546978414298
1,1,0,-0.4498178162911103
0,0,0,-0.5879684654010922
1,1,0,-0.2430589595100593
1,0,1,-0.8006316130302443
1,1,3,1.269381893599145
0,0,1,-0.23727668594037168
1,1,3,0.2532792178425684
1,0,0,-0.5422604190050451
1,0,1,-0.8636298861827106
0,0,0,-0.279094535452253
0,0,0,-0.7479686385093435
1,1,0,-0.06870569873555286
1,1,0,-0.22490861082574556
0,0,1,-0.37663123939449167
0,0,0,-0.8471877636626568
1,1,0,-0.5317991855560007
0,0,3,0.8932173402957975
1,1,0,-0.448264552816663
1,0,1,-0.6206559874034585
1,0,0,-0.7356005436512684
0,0,0,0.7120697748953998
1,1,1,0.35757307649910514
1,1,0,-0.8367122424139029
0,1,0,-0.7662457748135123
0,0,3,1.3533039701845675
1,1,0,-0.5660410582717599
0,1,1,0.35297936086959425
1,1,1,0.05286441458989296
0,0,1,-0.19150344729804925
0,0,3,3.4549483838335346
1,1,1,-0.17914513562553486
1,1,1,0.17928028289936862
1,1,3,1.1243505718834779
1,1,0,0.15715148841524726
0,0,0,-0.6197926361536938
1,1,0,-0.3790670821995967
0,0,0,-0.7058137299177552
1,1,0,-0.0349676513799545
0,0,0,-0.9254286936548058
0,0,0,-0.4729407169853402
1,1,0,-0.6904295165583402
1,0,1,-0.2827746481690021
0,0,2,0.7602901494190908
1,1,0,0.8790229466243871
0,0,0,-0.7111098847645998
0,0,1,-0.1571298016770285
1,1,0,0.21791355241284668
1,1,0,-0.7756821540654565
1,1,0,0.3871962677798418
1,1,1,-0.2706609335051361
0,0,1,0.6112912322380658
1,1,0,-0.051594801254217164
1,1,3,1.381585334736912
0,1,1,-0.6607002471072836
1,1,0,-0.9048275027837998
1,1,0,0.1657046641645773
1,0,0,-0.6749178840896758
1,1,0,-0.7973295442815823
1,1,0,-0.6233161496072113
1,1,0,-1.0371416991052431
1,1,0,-0.23398566474207888
0,0,0,-0.4941774234620253
0,0,1,-0.15727050286507155
1,1,1,0.7358290288668077
1,1,2,-0.4662706389367223
1,1,1,0.9578040549941218
0,1,0,-0.844228962418156
1,0,0,-0.8126975850057382
0,0,3,1.4100940702360927
0,1,1,0.27557264401611287
1,1,0,-0.7925287517770399
0,0,0,-0.7407148807271505
0,0,0,-0.14610718925202265
1,1,0,-0.4736732305193428
1,1,1,0.34278417680466855
1,1,0,-0.41112697805543863
1,1,0,-0.4352470225387052
1,0,0,-0.5995417337387676
0,0,0,-0.7859707804828252
0,0,1,-0.31254260286299124
1,1,0,-0.28747109389661685
1,0,1,-0.854083591916732
1,1,1,-0.7197605952226641
0,0,0,-0.06495451599216233
0,0,0,-0.6138774235104658
0,1,1,-0.39885989530333454
0,0,0,-0.8378384550497353
0,0,1,0.044077515123051546
1,1,3,1.7781726785240901
1,0,3,3.0589708864544756
0,0,1,-0.2537428357038729
1,1,2,0.35978490983783745
0,0,0,-0.725991992249839
1,1,0,-0.4482908662725913
0,1,1,-0.08090670792013405
0,0,1,0.27881771005709655
0,0,0,-0.47325698540625005
1,1,0,-0.6346620663847058
1,1,1,-0.34904037737512256
0,0,1,-0.6225915257018434
1,1,1,-0.6314522962763859
1,0,3,0.8899896159510738
0,1,0,-0.6013834147778939
0,1,1,-0.42856632062710753
1,1,0,0.023505308938555958
1,1,0,-0.3661603173696924
0,1,0,-0.1968212657353076
1,0,0,-0.5252340572170922
1,1,0,-0.5673345406227779
0,0,0,-0.8899563605779028
0,0,1,0.32844866220055013
1,0,3,0.9019320183021695
1,1,3,0.9984871829972678
0,0,0,-0.7458111498989272
0,0,1,-0.6574773875991742
1,1,3,1.5106941409823416
0,0,3,2.3737575834777944
1,1,0,-0.6768189161069686
1,1,3,1.4208952485807618
0,0,3,0.14999617398808573
1,0,0,-0.8548436476086965
1,1,0,-0.4061347580603142
1,0,1,-0.6080202748592382
0,0,3,0.744614295182777
0,0,0,-0.7939949022690634
1,1,3,1.8663211211064579
0,0,1,-0.791683031784088
0,0,0,-0.916511518396381
0,0,0,-0.8516281061301504
1,1,0,-0.20606221666188035
0,0,1,1.086524462164861
0,0,0,-0.394329723548804
1,1,0,-0.7231741757726452
0,0,0,-0.625163018310336
1,1,0,-0.8812599195581492
1,1,0,-0.19482521769094077
1,0,0,-0.5789810451714624
0,0,0,-0.7737164604293417
0,1,0,-0.5845436925339368
1,1,0,-0.4722534485091382
0,0,0,-0.7234220510470808
0,0,2,0.8764335012522025
0,0,0,-0.9383720501873855
0,0,1,0.5137962254533394
0,0,0,-0.611299500744337
0,1,0,-0.944474194050479
1,1,3,2.7308037944240695
0,1,3,0.6881022984456113
1,1,1,0.189949919511224
0,0,0,-0.7732003204717677
1,1,0,-0.8548977142340636
1,1,3,1.0141884700465857
1,1,0,-0.4266686915572177
0,0,1,-0.2596715783998319
0,1,1,-0.6005676783568616
0,0,0,-0.6399101806073748
0,0,0,-0.8283294009233526
1,1,2,0.34071893076657056
1,1,3,0.5479710480725348
1,1,1,0.07654363572179083
0,0,0,-0.9138886380832715
0,0,3,0.29997841624256216
0,0,3,2.182911591888192
1,1,3,0.14754566732352933
1,1,0,-0.36553823531625756
1,1,1,-0.3164890788793532
0,1,0,-0.8560559397660004
0,0,1,-0.7363655710924627
0,0,1,0.22463747305693524
1,1,0,-0.7889951588984806
0,0,3,0.1077581413719308
0,0,3,2.327031040694188
1,0,0,-0.7111454201434799
1,0,0,-0.5698218979198885
1,1,0,-0.8366410179655114
0,0,1,-0.2620778291310788
0,0,0,-0.04285604543860136
0,1,1,-0.5282396510884455
1,1,0,-0.6349822015482691
0,0,1,-0.8005649310114825
0,0,0,-0.20943583187569087
1,0,0,-0.5196078534910961
0,0,3,1.8086325051277141
0,1,1,0.0683554192501405
1,0,3,4.708496700590641
0,0,1,0.34459594596131626
1,1,0,-0.7331788383386846
0,0,1,-0.6834418996300831
1,1,0,-0.6670736918256349
1,1,3,1.1327165947857156
0,1,2,0.36562738447468074
1,1,0,-0.6809466953117532
0,0,0,-0.7251350383914044
0,0,0,-0.6114931581405515
1,1,0,-0.5447997949922728
1,1,3,0.34772940260449137
1,0,0,-0.2473552912186657
1,1,3,1.1146017820487355
0,1,0,-0.170390756430288
1,1,3,0.16372596239439008
1,1,0,0.35189021217489835
0,0,3,2.1599028069201225
0,0,0,-0.5494572498828046
0,0,0,-0.3791340128033352
1,1,0,-0.6478938154381404
0,0,0,-0.5730241690372511
0,0,3,1.0092604649478127
0,0,0,-0.11573042135534453
0,0,0,-0.27050070401208787
0,1,1,0.3746195661910912
1,0,1,0.7354721139138407
1,1,0,-0.25112156531550417
1,1,0,0.7453551561925099
1,0,0,-0.891179464814652
0,0,3,1.793767943527761
1,1,3,1.1312780506532616
1,1,0,-0.5109746307842191
0,0,0,-0.048206383009467814
0,0,1,0.9222096521903577
1,1,0,0.6341948445496279
0,0,0,-0.48963334669988384
1,1,1,0.5123977312565021
0,0,0,-0.6547162256666463
0,0,0,-0.8899733287360797
1,1,0,-0.6786141157402337
0,0,0,-0.7005078918821789
1,1,3,0.36988110629233806
0,1,0,-0.20770775773353362
0,1,0,-0.2422976690804259
1,1,0,-0.40398004449235486
0,0,1,-0.49293597808362655
0,0,3,0.14651053611649312
1,1,0,-0.6716947928955831
1,1,1,-0.007581828180839195
0,0,0,-0.8380511530374902
0,0,1,-0.36527926985818227
1,1,0,-0.42727424702499484
1,0,0,-0.6817324366807677
1,0,0,-0.951052057565665
0,0,0,-0.06399002328575654
1,1,3,-0.048650587200137096
0,0,0,-0.9076832257397405
1,1,0,-0.2797423648168274
0,0,1,-0.020251713028526335
0,0,0,-0.9675960416657323
0,0,1,-0.2637188877373064
0,0,0,-0.45064301813364066
1,1,0,0.0429546246917482
1,1,1,0.1592217427309593
0,0,0,-0.42280763079087663
1,1,3,0.6387224209164106
1,0,1,-0.21566105477774777
0,0,1,-0.4829712460726992
0,0,0,-0.5056418293477964
1,1,3,3.3140033161336553
1,1,0,-0.2548852752801794
0,0,0,-0.7276663698481096
1,1,0,-0.7230123942052343
0,0,1,0.552594908923806
0,1,0,-0.869309113970845
1,1,1,-0.1183946156957106
1,1,3,1.272650436764349
1,1,1,-0.33264618766355053
0,1,0,-0.44934065131060513
1,1,0,-0.38803760299756457
0,0,1,0.35286780612013213
1,0,1,0.22729128893116846
0,0,0,-0.6311325407246621
1,1,0,-0.2252458426076054
0,0,0,-0.38624093550322397
0,0,0,-0.46369011224124557
0,0,1,-0.22183017170393296
1,0,0,-0.921678560410891
1,1,1,-0.8074275638289055
0,0,0,-0.3642261610504054
1,1,1,0.8284182256518032
0,0,0,-0.746375732327061
0,0,0,0.12357170290853234
0,0,0,-0.2699204313100429
0,0,0,0.16956519002940157
1,1,3,2.5920859929413536
1,1,1,-0.4721354373098442
0,0,1,-0.5322440815409739
1,0,1,-0.3717930430504625
1,1,0,-0.6739234706521463
1,1,1,-0.6273063197802999
0,1,3,1.2176590978740485
0,0,0,-0.4857930057065739
1,1,3,1.7982934730611593
0,0,1,-0.48487560280182535
0,0,2,0.794832907612347
1,1,1,0.19576626674878508
1,1,0,-0.7789417931806897
0,0,0,-0.19448326847662492
0,0,0,0.0686340115532463
0,0,1,0.5689822021081072
0,0,0,-0.8574824007717996
1,0,1,-0.19454929525008405
1,1,3,0.45929331041203586
1,1,0,-0.33092372540241194
0,0,3,3.983419808692861
0,0,0,-0.7713841985825857
0,0,3,3.821250304466642
1,1,0,0.3664347987973248
0,0,0,0.3622785266034233
1,1,0,-0.40456181557849724
0,0,1,-0.6083542618165015
0,0,0,0.08615545965367882
1,1,0,-0.7163204171899533
1,1,0,-0.047103414086524305
0,0,1,0.03948682605688175
0,0,0,-0.5371738610444855
1,1,0,-0.9157111818057683
0,1,0,0.590952039858117
0,0,3,2.6718787262319097
0,0,0,-0.5343246549531009
1,1,3,0.03549716763239709
0,0,0,0.11649093979462435
0,0,0,-0.8910635727171818
0,0,1,-0.7896071353771906
0,1,0,-0.6231781650519764
1,1,1,0.6258081404032261
0,0,1,0.17717992787786185
0,0,0,-0.7175150873140128
0,0,1,-0.539168994821781
0,0,1,1.5903686805721002
1,1,3,0.2652866778220581
0,0,1,0.4067571297132201
0,0,1,-0.6393676358310173
1,0,3,1.0926630096071293
0,0,2,-0.1862250597092739
0,0,1,-0.10912450551902143
0,1,0,-0.6458082230446064
0,0,0,-0.6368467822116113
1,1,0,-0.9379645415811972
0,0,3,0.8648671159158106
1,0,0,-0.6976810048325652
1,0,1,-0.7204152413645667
0,0,0,-0.7458001008182347
0,0,3,3.04345219138535
0,0,1,-0.7000081819226016
0,0,0,-0.7234156207145708
0,0,1,0.810664741457077
1,1,1,-0.3814400183770814
1,1,0,-0.7461096173278574
1,1,0,1.1910004676891823
1,1,3,0.7058812737611082
0,0,0,-0.8354425111234126
1,1,0,-0.1823906530697215
1,1,0,-0.517490936654653
0,0,2,0.3893188642318943
1,1,0,-0.5885642298437109
0,0,1,0.42857406133536663
0,0,0,-0.6964834609580035
0,0,3,0.26230109112032024
1,1,1,-0.2081553151074318
1,0,0,-0.5676871541729273
0,0,0,0.01651639471470803
0,1,0,-0.744919754473119
0,0,3,1.9836156890624927
0,1,1,-0.7708200381437933
0,1,0,-0.04439190461874325
1,1,1,0.791063998141904
0,0,1,0.04991050976421378
1,1,3,2.1016069473665295
0,1,3,-0.09132276026157096
1,1,3,0.9929299965655634
1,1,0,-0.6814816139400569
1,0,0,-0.5717875556627297
0,0,3,1.2197384921246373
0,0,0,-0.7591421797394783
0,0,0,-0.3750649269469884
0,0,0,-0.9286057727281245
1,0,1,-0.8832965607036145
0,1,3,1.4259326616707046
0,0,3,1.3058916668399656
1,1,0,-0.33439188581524115
1,1,2,0.022900954927780617
1,1,0,-0.4138936985618735
0,0,0,-0.8002409423960091
1,1,3,1.3516219778988077
1,1,0,-0.6058434783399778
1,1,0,-0.4694365209822277
1,1,0,-0.516927004847
1,1,0,-0.522549826101925
0,1,0,-0.23657313882128725
0,0,0,-0.7303517655452917
1,0,3,0.08727483536919092
1,1,0,-0.6012261936307309
0,0,3,0.7724432290101094
0,0,0,-0.11648466228972995
0,0,0,-0.5700789073080039
1,1,0,-0.7718087109516475
1,1,0,-0.31632784408501363
1,1,1,1.1300248740280083
0,0,1,0.26387265775650237
1,1,1,-0.018085416089398655
0,0,3,3.1168687225259064
1,0,0,-0.9464298690503297
0,0,0,-0.8218474649869154
1,1,1,-0.1296320232029186
1,0,1,-0.5445076425333064
0,1,1,0.05099806133827882
1,1,0,-0.7597296844067085
1,1,0,0.0826791691371287
0,0,3,1.6276452624670998
0,0,0,-0.324909468582619
1,0,1,0.15659405795031323
0,0,1,-0.43455304215232665
0,0,0,-0.5392078015108406
0,0,0,1.216211294468143
0,1,1,-0.3890339553023257
1,1,0,-0.6054728057624676
0,0,0,-0.606473743906019
0,0,3,2.947389575959976
0,0,0,-0.7890282031743877
1,1,3,0.45876032831399305
0,0,0,-0.6792569447117944
1,1,0,-0.1798906614324473
1,1,0,-0.6417081202268902
1,1,3,0.9471746698720422
0,0,0,0.6892713292760021
0,0,0,-0.5096397548183776
0,0,3,1.5623659591004462
0,0,3,0.35494127204519127
1,1,0,-0.7817344626694485
1,1,0,-0.8577427661517556
1,1,0,-0.8959805955275459
0,0,0,-0.3332127236220585
1,1,0,-0.2635824846003536
0,0,3,2.5161821918119767
0,0,0,-0.2738993436476412
0,0,1,0.1028281701912592
0,0,0,-0.8326822869551066
1,0,3,1.0632803101938744
1,1,0,-0.7505998093145836
0,0,0,-0.786258350454139
1,1,0,-0.7032020708055219
0,0,0,-0.5705349252002989
1,1,0,0.445198895351393
1,1,0,0.2760672128437075
1,1,0,-0.7582964670646837
0,0,0,-0.4324812992367688
0,0,3,-0.06302342577884747
1,0,0,-0.9090815523180839
1,1,0,-0.6002843889079266
0,0,0,-0.49027482057935967
0,0,0,0.07557824404721986
1,1,1,-0.8745354837585723
0,0,0,-0.22994394879833432
1,1,1,-0.11524266086997192
1,1,0,-0.8091438584424724
0,0,1,-0.3153810768955153
0,0,1,1.1097953465299026
1,1,0,-0.30440565603172154
1,1,2,0.5117484496210727
1,1,3,2.1712865747392485
1,1,3,1.164469617297244
0,0,1,0.6716974681212037
1,1,0,-0.7649002562255605
0,0,0,-0.9206656837888112
1,1,0,-0.7384545086456611
0,0,0,-0.5453952082553302
1,1,1,0.8908036033933231
1,1,0,-0.49782513270227097
1,1,0,-0.4450287487307287
1,1,1,-0.3912152630427869
0,0,0,-0.19450493155126838
0,0,0,-0.6710648769217168
1,1,0,0.3296355807446355
1,1,3,1.1750580412338314
0,0,1,0.14554564386688362
0,0,1,0.45239315665180624
1,1,1,0.19067049075265352
1,1,0,-0.10803075546900304
0,1,0,-0.6396473602240768
0,0,1,-0.35701315489918145
0,0,0,0.08310686638486178
1,1,0,-0.5487222645083455
1,1,1,0.29794992245230767
1,1,3,0.9965817205430015
1,0,1,-0.2693114956178712
1,1,0,-0.15090319430063995
0,0,3,2.619345014399633
0,1,0,-0.489841622417289
1,1,3,0.8828499229777906
1,1,0,-0.052331265212748786
0,0,1,-0.2792078379451492
0,0,1,-0.4154562864606774
0,0,1,0.473071380308333
1,1,0,-0.8862721852543578
1,0,0,-0.904550650199019
0,0,1,0.5529841251524318
0,0,3,0.24678710267768608
0,1,1,-0.15483794580704624
1,0,0,-0.7342833899442984
1,1,0,0.19041561910190516
1,1,3,3.3975430885414304
1,1,0,-0.7654007080851679
0,0,0,-0.10119473181555125
0,0,0,-0.024974337021815746
1,1,3,0.9573899626709099
1,1,1,-0.679020522026633
1,1,0,-0.5376819910001183
1,1,0,-0.7196518049277253
0,0,1,-0.35115232688705017
0,0,0,-0.8999780652740139
1,1,0,-0.21282360811964818
1,1,0,0.05210514348178006
0,0,1,1.00191039415504
1,1,3,2.3320110717228895
0,0,3,0.33786328157685014
0,1,1,-0.639482788089079
0,0,0,-0.3563051220379227
1,1,0,-0.4366094869999862
1,1,0,-0.9606518042661454
0,0,2,0.00042106100124866504
1,1,0,-0.5030896070229439
1,1,1,-0.424461905623306
1,1,0,-0.8027119197211015
1,1,3,0.5940826920218725
0,0,0,-0.5472330964507894
0,0,0,-0.3232721933701027
1,0,1,-0.20194979109048894
0,0,0,-0.9225604510825202
0,0,2,-0.21944591715927414
0,0,0,0.2428246600971242
1,1,1,-0.33071386574568623
0,1,0,-0.7295327888799292
0,0,0,-0.8327149809639196
1,1,0,-0.8512965014321203
1,0,0,-0.5366910740996552
0,0,3,1.4567474219677625
1,1,3,0.9290340542393054
0,0,3,2.1527647287319316
0,1,1,-0.4945857118110871
1,0,0,-0.9088625286894084
0,1,1,-0.3364654630800465
1,1,3,-0.11413377366868938
1,1,0,-0.6369628383978727
1,0,1,-0.457093149729315
0,0,0,-0.569934583514675
0,0,1,-0.47970544414834704
0,0,0,-0.5608823160028836
1,1,0,-0.48611525731010224
0,0,0,-0.46252802752382727
0,0,0,-0.5449200942619854
1,1,1,-0.2096081594876994
0,0,1,-0.28449065442953364
1,0,1,0.9528262918295218
0,0,0,-0.6882205569178876
0,0,1,-0.33410231851562394
0,0,0,0.571787341156211
0,0,2,-0.274839212107818
1,1,0,-0.04911463855508912
0,0,1,-0.6980313931806934
0,0,0,-0.9142533172861347
0,1,0,-0.7344681627284569
0,0,3,1.8491763709322633
1,1,1,0.4831928736523602
1,0,0,0.010428673182214946
0,1,0,-0.8139461277823298
1,1,0,-0.1525208013900552
0,0,3,-0.19438540296476564
0,0,0,-0.5944812148045394
1,1,0,-0.29516163400221507
1,0,0,-0.47569593621125256
1,1,1,0.591640662619625
0,0,3,0.8841059235415165
0,0,3,0.6070530557050748
0,0,0,0.5215038516634376
0,0,0,-0.7053771244916826
0,0,2,-0.2475483756158639
1,0,1,0.3602355546434912
1,0,1,-0.6949817860737998
1,1,1,-0.43228778018751784
1,1,0,-0.5408318383778807
1,1,3,1.0377808713084742
0,1,1,1.16697828783519
1,1,1,-0.18200771676708122
1,1,3,-0.1709827808025658
1,0,0,-0.72203971738922
0,0,0,-0.9451178446438728
1,1,2,0.37450979227850145
0,0,3,1.4010643393397302
0,0,0,-0.7296512364394919
1,0,3,0.8286157357855856
1,1,0,0.6602563194612968
0,0,3,0.31811557087936576
1,1,0,-0.4714051628144599
1,1,1,0.5485328425129887
0,0,1,-0.6170221006744142
0,0,1,-0.6500988907737889
1,1,3,0.8507570337957577
0,0,0,-0.947805854065132
1,1,1,0.5857185650703925
1,1,1,0.011073005590261711
0,1,0,-0.3051683099590443
0,0,0,-0.30958196318720643
1,1,0,-0.4362814985160938
0,1,1,-0.7027988987497092
1,1,0,-0.13961159903097564
1,1,0,-0.2939681856271373
0,1,0,-0.588467345586744
1,1,1,-0.5444799393453619
0,0,0,0.12724726837398456
0,0,0,-0.8285950641305699
1,1,0,-0.361586793161126
0,1,0,-1.0485246959661834
1,1,0,-0.37391790804435904
1,1,3,2.824361109420095
1,1,3,1.1882110520645774
0,1,1,-0.5051176036742427
0,0,0,-0.12756574452382
1,0,0,-0.07083506269475055
1,1,3,1.136810522762731
0,0,3,0.35047991867312556
0,0,1,0.14380659117873273
0,0,0,-0.3753022383974852
1,1,1,-0.035877883207913915
1,1,0,-0.48717401914454306
1,1,3,1.148478678687433
1,1,1,0.5838599583052404
1,1,3,1.5736280371790858
1,1,1,-0.15898781826550826
0,0,0,-0.7298367848169502
1,0,0,-0.19496553645412448
0,1,0,-0.8895382039027493
0,1,0,-0.8098007304026505
0,1,1,-0.8034885600172412
1,1,3,2.651368568572012
0,0,0,-0.5398809801870578
1,0,1,-0.35654664996502544
1,1,0,-0.7129654291914164
0,1,0,-0.7704623783346395
0,0,1,-0.3964490104924925
0,0,0,-0.8795604392711422
0,0,3,1.6771010269779751
1,1,0,-0.881680644313463
0,0,0,-0.8605980700550873
1,1,3,2.6056852573202796
0,0,3,1.3417462867032333
1,1,3,1.7622479048017734
0,1,0,-0.5449972240175305
0,0,1,-0.749114342103257
1,1,0,0.6385346510244334
1,1,0,-0.7488398976782125
1,1,0,-0.705726030627373
1,1,3,2.0267394679937314
1,1,2,-0.11245746661567108
1,1,3,2.0415939783313317
1,1,1,0.7693029908655917
0,0,1,-0.8727137329344153
1,0,1,-0.6631114146563547
0,0,0,-0.4688269184832545
0,0,3,1.9984779666825645
1,1,3,1.9077984819029061
1,1,0,-0.8495016715366756
1,1,0,-0.4817350302640233
0,0,0,-0.8293823519716782
1,1,1,0.12648817164123244
0,0,1,-0.29291449371382977
0,0,1,-0.5322391062275162
0,1,1,-0.2856828552732173
1,1,1,-0.06601092344327239
0,0,0,-0.6621395691090136
0,1,0,-0.8415267669301658
0,0,0,0.33648290554927474
0,0,1,0.06852058939779096
1,1,0,-0.6869591418910606
0,0,0,-0.8748477773108813
1,1,0,-0.10075420360226296
1,1,3,3.374900946408731
0,0,0,-0.5934760305363875
0,1,1,-0.30944503595208595
0,0,3,0.9255458764287177
0,1,1,-0.35213631338908213
1,1,0,-0.45907685909295315
1,0,1,-0.4775293216650524
0,1,0,-0.6842324055896212
1,0,0,-0.7930194980769376
0,0,1,-0.10563416433786468
1,1,1,-0.36556107852435643
1,0,0,-0.6892528235372791
0,0,0,-0.4124388676927392
0,0,3,0.7796836232171361
1,1,1,-0.04468949950861123
0,0,0,-0.38369177952255956
0,0,3,1.117087950546291
0,0,3,0.12111977967788261
0,0,0,-0.6454608193988317
0,0,0,-0.08434116123911681
0,0,0,-0.7959322036781811
0,0,0,-0.7284688611933476
1,1,1,-0.4841528650040196
0,0,0,-0.6915125848766948
0,0,3,2.0283079562613726
1,1,0,-0.13859249166636467
1,0,0,0.08878102383630863
0,0,0,-0.7623683488184233
1,0,0,-0.6599286576201946
0,1,0,-0.9405312934184915
0,0,3,1.8363784024084355
0,0,0,0.11582262085162508
0,1,1,1.3820665905729215
1,1,1,1.2850501915896024
1,1,3,2.050022443133632
0,0,0,-0.5522435254944983
0,0,3,1.343848875346725
0,0,3,1.9414635613408489
0,0,0,-0.9080205099658646
0,1,0,-0.4003822990255874
1,0,3,0.8201482315303457
0,0,3,2.0274054888430255
0,0,0,-0.7085245858420761
1,1,0,-0.4467603760522409
0,0,3,2.9352841005655703
1,1,0,-0.7178293858118664
0,0,3,1.5254378314605612
0,0,0,1.1472522531646914
0,0,0,-0.5478909776847829
1,1,3,1.7641960260530498
0,1,1,-0.4441956785990627
1,1,0,-0.7777480555755052
1,0,0,-0.5779451502747667
0,0,1,-0.6729472002046548
1,1,0,-0.24250160522256736
1,0,0,-0.7328059991517001
0,0,1,-0.797786848867884
1,1,1,-0.23627171203714617
1,0,0,-0.8505426150707568
1,0,0,-0.9385829035136948
1,1,1,-0.18745473427423937
1,1,1,0.21239601152349527
1,0,0,-0.6711430382158251
0,0,0,-0.9885676392810778
0,0,0,-0.3505079753242578
0,0,1,-0.22897094528955614
0,0,1,0.40155669960511864
1,1,0,-0.587334568442639
1,1,0,-0.5434721176871169
0,0,3,0.06830899326791917
0,0,0,0.18579481888987573
1,1,0,-0.668828119106706
0,0,0,-0.2518285850096529
1,0,3,-0.10475337030900424
1,1,0,0.07819985942769513
1,1,0,-0.7443099241774489
1,1,0,0.10202367483134608
0,0,0,0.514690737768191
0,0,1,-0.0669586175749351
1,1,0,-0.21577184246828687
1,1,1,-0.2908913012455055
0,0,1,0.1664330864567449
1,1,3,0.6565955239744935
0,0,0,-0.2312785634034518
1,1,0,-0.7168861530341404
1,0,0,-0.4123668834479007
0,0,3,0.4052520466657252
0,0,3,2.6177659135286078
0,0,0,-0.03742716053236093
0,1,1,-0.2696159595387614
1,1,0,-0.6955263920548191
1,1,0,-0.6271738081898056
0,0,3,1.1595117140844216
0,1,0,-0.30894459144081815
0,0,0,-0.3472828096838861
0,0,0,-0.034232904818170685
0,1,1,-0.4699155960963727
1,1,0,-0.8769743700787558
1,0,3,0.8709020780935208
1,0,0,-0.38472529720566173
1,1,1,-0.09930445684474369
1,1,0,-0.924142386317957
0,0,3,1.4503644879121764
1,0,0,-0.3336095641030896
1,0,0,-0.9314065890835991
0,0,0,0.7704861707510788
0,1,0,-0.8272532623694461
1,0,0,-0.6889902274209239
1,0,0,-0.6709868006622778
0,1,0,-0.5765619125397706
0,0,0,-0.6725776197266375
0,0,1,-0.4563121723455508
0,0,1,0.89216967266615
1,1,0,-0.5077753758666569
0,0,1,-0.6933224375451582
0,0,1,0.05155678324422373
1,1,0,0.05955978358356715
0,0,1,0.04032073163881835
1,0,1,-0.9039164543177015
0,0,0,-0.053531337893268714
0,0,0,-0.6955631395991325
0,0,0,-0.4571198013835858
0,0,1,2.2607468723015876
1,0,0,-0.29221104994225733
0,0,3,1.5132923819146176
1,1,0,-0.6701030220545813
0,0,0,-0.23468569363904868
1,1,3,0.0863279331907123
0,0,1,1.4272806390528705
1,1,3,2.783285971449288
0,1,0,-0.5082334866869235
0,0,1,0.8052119330977238
1,1,3,0.26588918710574944
1,1,3,0.11960565931398907
1,1,0,-0.9022778177942873
1,1,3,1.1678330277826512
0,0,0,-0.7573430923524771
1,1,0,-0.03024590889780074
1,1,0,-0.5361429170328161
1,1,0,0.28654734203494003
1,0,1,0.4890449342767391
1,1,0,0.061009072076478814
1,0,3,2.059882928665589
1,1,3,1.719042471478078
1,1,0,-0.4342132843340656
0,0,0,0.9587484164337654
0,0,0,-0.6493202386588695
1,0,3,2.6000056666900897
1,1,0,-0.6789485686190448
1,1,2,1.0719824896518149
1,1,0,-0.08665609629210307
1,1,0,-0.6096864209041349
1,0,3,0.7546523065397075
1,1,0,-0.4309950439539492
0,0,1,0.038864669054542986
1,1,0,-0.9504182364655321
0,1,0,-0.5832614349811804
1,1,0,-0.5647591909058629
1,1,3,0.5447047890023065
1,1,0,0.11962339117287474
0,0,3,0.5778362418495981
1,1,1,-0.1223008188912518
0,0,0,-0.7453244837605442
1,1,0,-0.24440858937039237
0,0,0,-0.04048311916100112
1,1,1,-0.22699166492289186
1,1,3,0.22347536918658112
1,1,0,-0.06215361840754705
1,1,1,0.42722500479370207
1,1,0,-0.8198479259829933
1,1,1,0.6986424781433414
1,1,0,-0.6576961207322483
0,0,0,-0.874671019124815
0,0,0,0.09977768221608642
0,1,0,-0.6331217070486572
1,1,0,-0.857784603108342
1,1,3,0.7877214751632232
1,1,1,-0.1717133176357084
1,1,2,0.5580230163118862
0,0,2,0.23652706666941115
1,1,0,-0.9529795844216298
1,0,0,-0.9431171664707543
0,0,0,-0.628813299670205
0,0,1,0.2541723676852872
1,1,1,-0.11914550318929844
0,0,0,0.4027430458855356
0,1,1,-0.6892405675086044
1,1,3,0.2518106909107173
1,1,3,2.5276600611214564
0,1,0,-0.8479607920841223
0,1,1,-0.5920519266438099
0,0,3,1.7749461026994018
0,0,1,0.5006889041228669
0,1,0,-0.6890357038618807
0,0,0,-0.29099492257298937
0,0,3,0.5083674680573943
0,0,0,-0.7483099410036039
1,1,0,0.14285211425665434
1,1,0,-0.4418839079411611
1,1,0,0.10104519495237552
0,0,0,-0.7059989303805138
1,1,1,-0.1938416765633572
0,0,0,0.2700695257484345
0,1,3,1.6000116996471898
1,1,0,-0.45312142992638216
1,0,0,-0.5756925931462417
1,1,2,0.649271292470922
1,1,0,-0.3017689081278596
1,1,0,-0.5175688086148182
0,0,0,-0.8829110664461873
0,0,1,-0.48537415324683836
1,1,0,-0.05206686437117896
0,0,1,0.07083791035807062
1,0,1,-0.14810541955155587
1,1,3,2.367032692975033
0,0,0,-0.801842134685764
1,1,3,2.712421459034203
0,0,1,0.09473490057526118
0,0,1,-0.8129923594178486
1,1,0,-0.13265389855091192
0,0,0,-0.5277938441742386
1,1,0,0.23320755129609458
0,1,0,-0.7586797471924672
0,0,0,-0.5587559398975853
1,1,3,0.9319692215818812
1,1,0,-0.8939396385794467
0,0,1,0.4328689670344494
1,1,0,-0.7786106008230749
0,1,0,-0.5762085531302404
1,1,1,-0.4809656150154535
1,1,1,0.29734901240290784
0,0,3,0.7351905086941091
0,0,0,-1.0255936841687188
0,0,0,0.20913588051639398
1,1,0,-0.8030366509887301
1,0,0,-0.4617476633085534
0,0,1,-0.23867801025569754
0,1,1,-0.9872283021512612
0,0,1,0.010674584729475654
1,0,0,-0.42074290409170534
0,0,0,-0.14953447434274256
1,1,3,0.04348045670275466
1,0,1,-0.6405998468486633
1,1,0,-0.40906645280738085
0,1,0,-0.8768057245451645
0,1,0,-0.8367423664077579
0,1,1,-0.4178444833748755
1,1,0,0.09208179502701344
1,0,0,-0.7571912514105151
0,0,3,1.6073546314302647
1,1,0,-0.0955666991246122
0,0,3,4.17391518968749
1,1,3,1.0294482162844976
1,1,0,-0.29020298050496357
0,0,1,-0.512273446343821
1,1,2,0.40630761870686405
0,0,3,2.413289318747841
1,1,2,0.3919712186339279
1,1,1,-0.41087452462125124
1,1,1,0.8386174909360242
1,1,0,-0.25033137055441484
1,1,0,-0.7893828644547116
1,1,2,-0.1366948520933852
0,0,0,-0.6547402683331671
1,1,1,-0.015892198577323245
1,1,0,-0.12794645872286317
0,0,3,3.4682248954945956
0,0,0,-0.30670815434719867
1,1,1,0.1270672893852351
1,1,0,-0.878970146188197
1,1,0,-0.06255391577995026
1,1,3,1.758852378239399
1,1,1,-0.24743685535696788
1,1,2,0.016411137543492643
0,0,3,1.474003806721449
0,0,1,1.150879901586431
0,0,3,1.1611499867355073
1,0,0,-0.39762619996292353
0,1,0,-0.764370373962161
0,1,1,-0.5655912738957776
0,1,0,-0.7363799060482935
1,1,0,-0.36262523950444664
1,1,0,-0.2408494739059138
0,0,1,-0.6753711147765423
0,0,0,-0.17958385603236307
1,0,2,0.4726555735538403
1,1,0,-0.05888293958867397
1,0,0,-0.9355100447148916
1,1,0,-0.03201336934852896
0,0,3,0.2965027953890836
0,0,0,0.27971982576551424
0,0,3,2.5244379822061087
1,1,0,-0.4426703985280174
0,0,0,-0.3150246487763427
1,0,0,0.4621110023276282
1,0,0,-0.10281938617430163
1,1,1,0.4309689026483469
0,0,3,2.4918966558134343
1,1,1,-0.5723842934281824
1,1,0,0.1251722154451818
1,0,0,-0.9603965719985534
0,0,0,-0.7372910185151016
0,0,0,0.11500359794439192
0,0,0,-0.9076595994595206
0,0,3,3.0064959156051305
0,0,1,1.5587159460351538
0,1,0,-0.5353299800124672
1,1,1,-0.5152472752547257
1,1,0,-0.6416414423974438
0,0,1,0.05182183116678268
1,1,1,0.15213958824173512
1,1,3,4.604334016953204
1,1,1,-0.29377156341474686
1,1,1,0.6671636307446503
0,0,1,-0.3811112566148174
0,0,0,0.6346574705574789
1,1,3,0.7435740676263273
1,0,3,1.4045881272435345
1,1,1,-0.21131521779147794
1,1,0,-0.1554253982877614
1,1,0,-0.49104333632167085
1,1,3,0.11165464513147255
1,1,0,-0.06755587138608021
1,1,0,0.20184857192814257
1,1,3,2.1888650092193918
0,0,0,-0.5771548637545287
1,1,0,-0.5299991769737614
1,1,0,-0.6895863082357977
0,0,0,-0.7925591660384699
0,0,3,0.043779565363111915
0,0,3,4.1450134239387895
1,1,0,-0.04449711860352094
0,0,1,0.3739121152372566
0,0,1,-0.5520876180904166
1,1,0,-0.6250797383825343
0,0,1,-0.24354369213811825
0,0,3,0.5234555035825872
1,1,0,-0.41585397551766284
0,0,0,-0.1627015877970282
0,0,0,-0.023156419565468024
1,1,1,-0.16461632301717188
1,0,1,-0.8795472646952639
0,0,0,-0.7892951884278152
0,0,3,0.3456705208967283
0,0,1,-0.6922005455605716
1,0,0,-0.8727708763538171
0,0,3,1.771271182490106
1,1,0,-0.15550090678041847
0,0,0,-0.6232213512400473
0,0,0,-0.2945541664694425
1,0,0,-0.5573675309545314
1,1,3,1.449403715706025
1,1,0,-0.5949063981443631
1,1,1,-0.5234658721601462
0,1,0,-0.7155269191632114
0,0,3,1.9279228995199036
0,0,0,0.4100610752561232
1,1,3,1.9105643499347165
0,1,1,-0.11812688074451197
0,1,3,5.6732488919583055
1,1,0,-0.4259291424277178
1,1,0,-0.7407462115635294
1,1,1,-0.1454624139357246
1,1,0,0.8364503841069875
1,1,0,-0.6856283632525938
1,1,0,-0.5475409650158972
0,0,1,-0.504247952914987
1,0,0,-0.8739905466457712
0,0,0,0.346955678135754
0,0,0,0.1214875843547257
1,1,3,0.9450589486831856
1,0,1,-0.5246299207053653
0,0,0,-0.7595998405899378
0,0,0,-0.2964234356406294
0,0,0,0.9488718996360008
0,0,0,0.009945993113194346
1,1,3,2.2662310968320525
1,1,1,-0.6210664716140015
1,1,0,-0.8181617959798293
1,1,3,3.4635248981527065
1,1,0,-0.3122129216069705
1,1,0,0.23064058395797166
1,1,0,-0.42511626300384997
1,1,1,0.23847935911076892
1,1,0,-0.2810246623459591
0,0,1,0.41978397010941243
0,0,0,-0.12305358817992212
1,0,0,-0.9073988832176106
0,1,0,-0.7308004091292287
1,1,3,1.9095654855307338
0,0,0,-0.2980455753412476
0,1,1,0.041274742988633865
0,0,1,1.1716158573522022
1,1,0,-0.8840590359930671
1,1,3,0.7660890086669694
1,1,0,-0.8982298107018041
1,0,1,0.8944270454685432
1,1,3,2.448044993761246
1,0,1,0.2169467960809113
0,0,0,-0.6756208322617764
0,1,0,-0.7571775908539918
0,1,1,0.10256372052013805
0,0,0,-0.8063181869296326
1,0,1,0.12975862292232518
0,0,3,0.9108276871746915
0,0,0,-0.55681840248412
0,0,3,1.6543597156278171
0,0,0,0.41692825493678964
1,0,0,-0.9699654958654234
0,1,0,0.2920474614993083
1,1,0,-0.7630178938549218
0,0,0,-1.0474135823851451
1,1,1,-0.849396398982428
0,1,0,-0.2571644327891681
1,1,0,-0.765140692627037
0,0,1,-0.3152800064257662
0,0,0,0.3061769524143139
1,1,0,0.022909708744693367
1,1,1,-0.48245288462801494
1,1,0,-0.5123141773165931
1,1,1,0.8153162081849743
1,0,0,-0.2468409382251683
0,1,1,-0.5645720280858769
0,0,1,-0.7434256931416344
1,1,0,-0.6229930988048596
1,1,1,-0.7364062115506683
1,1,0,-0.18266672652009833
0,0,0,-0.8002112815708557
1,1,0,-0.7626085363200285
1,1,1,-0.15113096820302718
0,0,0,-0.15543611926988649
0,0,0,-0.17205619699129984
0,0,3,1.455684687849496
0,0,1,1.370738400072881
0,0,3,0.391763552688631
1,0,0,-0.7051399433057095
1,1,0,0.06407826737861572
0,0,3,0.6802422591575277
1,1,0,0.10136114262672742
0,0,1,-0.8649834331592239
0,0,3,2.3601228523108944
0,0,3,3.460131854343936
1,1,1,0.2898962769270806
1,1,0,-0.839241408262
1,1,1,-0.4391196461310204
1,1,0,-0.13243363525491797
0,0,3,0.4120548812714501
0,0,1,0.15172092602605658
1,0,0,-0.6417483717464181
0,0,0,-0.3188018345593371
0,1,0,-0.7855022653762604
1,1,3,0.4040420444871373
0,0,0,-0.8007822247841085
0,0,0,-0.14836237289392115
0,0,0,-0.6961812113045699
0,0,3,0.6519515838192493
1,1,0,-0.44368959046471584
1,1,0,-0.537402383158495
1,1,3,1.1878188178507438
0,0,0,0.13756226947415487
1,1,0,-0.872117124931445
1,1,0,-0.5968562202398304
0,0,0,-0.38069938806603704
0,0,0,-0.5895392616704203
0,1,1,0.3425475842046556
0,0,0,-0.45207799474050514
0,0,3,1.011909765506221
0,1,0,-0.8740354406621594
0,1,3,0.34427200561671584
0,0,0,-0.31621350171439794
0,1,1,-0.5152124345742461
0,0,0,-0.9088427181509128
0,0,0,-0.5713435968757528
0,0,1,0.21765045907466757
1,1,0,-0.0797127484239874
1,0,0,-0.7196563503831659
0,0,3,0.056745993935397386
1,1,0,-0.03453098127588377
1,1,1,-0.7047061133554907
1,1,1,0.04650077052534705
1,0,0,-0.7658848984088833
1,1,1,-0.21544612327510962
0,0,1,0.2949753080786672
0,1,1,-0.46232015232278484
0,0,0,-0.8853283824780543
0,1,0,0.1661073234859981
0,0,1,0.1649006842027611
0,0,0,-0.8985997227309489
1,1,3,0.21200270160711135
0,0,1,0.38477916056560046
1,1,0,0.3646317120462185
1,0,0,-0.20823253419092957
1,1,0,-0.1443383272743154
0,1,0,-0.3483454706742455
1,1,0,0.5851585332943186
1,1,1,-0.41789092461599725
0,0,0,-0.5407693550147354
1,1,0,-0.1516997476390255
1,1,0,-0.16306642561457543
0,0,0,-0.5513702104933342
0,1,0,-0.49619185558666906
0,0,0,-0.8698092163250299
0,0,1,0.2778731476079906
0,0,0,-0.6276154462922142
1,1,0,-0.8117098817858508
1,0,0,-0.9034633397545766
1,1,1,0.6202084035663856
0,0,1,-0.15325303333699952
0,0,0,-0.8749437454145754
1,1,0,-0.41035289611411824
1,1,0,0.05950276149231722
0,0,0,-0.2663337159856235
1,0,0,-0.6461241220922213
0,0,3,2.024183667865896
1,1,3,1.3588481216869988
0,0,0,-0.5728486116893237
1,1,1,0.30721625623343124
0,0,0,-0.8928036436652195
1,1,0,-0.8990116571384814
0,0,1,-0.31265100019986236
1,0,0,-0.3084327500244943
0,0,3,0.2876223199019751
1,1,1,-0.7624335367719552
1,0,1,0.33596368294103235
1,1,0,-0.9139823349411932
0,0,0,0.42787685302784545
1,0,0,-0.5784568992053208
0,0,1,-0.2239177044093003
0,0,1,0.16992952102210795
0,0,0,-0.7154540521071701
1,1,0,-0.4973517203071534
1,1,1,-0.6264227623792988
0,0,0,-0.48465607014767814
0,0,1,0.1106298415080285
0,1,0,-0.7703122023709753
0,0,0,-0.30600094048785786
0,0,0,-0.43496500891010226
1,1,1,-0.29550951339963266
1,1,3,2.73487136463019
0,0,1,-0.6696456157044582
1,1,3,-0.14699315506058797
0,0,0,-0.6418344981268401
0,0,3,0.722167525285455
1,1,0,-0.8339944110696444
0,1,0,-0.7800046251730499
0,0,3,1.4668322180386122
0,0,0,-0.6479691603201271
0,0,3,0.90819824288746
0,1,0,-0.7766325017901674
0,0,3,0.6408539935183064
0,0,0,-0.06921146194514854
0,0,3,0.564697639675936
1,1,1,0.04090423582103042
0,0,0,-0.5080392043681055
1,1,1,-0.11434060924427018
1,1,1,0.258779882467085
0,0,1,-0.25509643607544746
1,1,0,-0.4235590952281957
1,1,0,1.1430337693413426
0,0,0,-0.8554241524446313
0,0,0,-0.05482407621530275
1,1,3,1.6111219688194096
0,0,0,-0.20411049536808415
1,1,1,1.445055540181409
0,0,1,1.2077122187801095
0,0,0,-0.8376214422554735
1,1,0,-0.4147186015770363
1,0,1,0.17464959385080497
0,0,0,0.07229556351218838
1,1,0,-0.5998826955187923
1,0,1,0.14749102794322405
0,0,3,0.6177189473351956
1,1,0,-0.01286014706288637
1,1,3,0.8872061883756652
1,1,3,2.300049132562196
0,0,0,-0.7008863049159125
0,0,0,-0.7855059532913764
1,1,0,-0.8651974189536408
0,0,0,-0.594778726851617
1,1,0,0.1910977235153335
1,1,0,-0.5084685609071545
0,1,0,-0.8289721914233945
0,0,0,-0.19816740232123345
0,0,0,-0.6484272326273574
0,0,0,-0.08733092657439684
1,0,1,0.7514124080600145
0,0,0,-0.27366303741978676
1,1,0,-0.7143522661763818
1,1,1,-0.2199585741438576
0,0,0,-0.49853848484898494
1,1,3,1.3003651410710546
0,0,1,0.2844315920659119
1,1,0,-0.3298287873330226
1,1,0,-0.568822554166341
0,0,0,-0.5703167242094823
0,0,0,-0.9256405793146968
0,0,0,-0.35885686190891314
0,0,0,0.08398126358558336
0,1,3,3.062728251696797
0,0,0,-0.58139516069552
0,0,0,-0.32404121039536915
1,1,1,0.7387529806330437
1,1,1,-0.59490616136891
0,0,0,-0.09569212413812743
1,0,0,-0.2837820233758403
0,1,0,-0.722672034130262
0,0,0,-0.404099765280967
0,0,0,-0.10147200005788809
0,1,1,-0.08445958764100349
1,1,0,0.13699338417020027
1,1,0,-0.3511630532953978
1,1,0,-0.031118818441232102
1,1,0,-0.691987305165341
0,0,0,-0.21081104500576245
1,1,1,0.13736750434927186
1,1,0,-0.5782331007524264
0,0,1,0.3590032854969192
0,0,0,-0.6686030546865035
0,0,1,-0.5704206512594292
0,0,0,-0.6041557284477064
0,1,1,-0.2448205431356488
1,1,1,1.324212051401283
1,0,0,-0.806570986313277
0,1,0,-0.7080735076404994
1,1,0,-0.3148892980804936
1,1,0,-0.319934837949816
0,0,0,-0.6336351515896039
0,0,0,-0.8188950244694981
1,1,0,-0.7272445731211499
0,1,0,-0.7348026442808625
0,0,0,-0.8727163320131696
0,0,3,0.47160466810216234
0,0,1,0.2444804575320879
0,0,0,-0.8786511046332992
1,1,1,-0.3171783747964391
0,1,1,0.3249830080994802
0,0,1,0.6864086467381267
0,0,1,0.7219509047015122
0,1,0,-0.7751204369266455
0,0,0,-0.6205644652830721
1,1,0,-0.7194940961402235
1,1,0,-0.38221382639443613
1,1,3,1.7760224618013467
1,0,0,-0.9077516474117644
1,1,1,-0.6719359755157491
0,0,0,-0.6812662007006804
1,1,0,0.09988305273673939
0,0,0,-0.8679736404557854
0,0,0,-0.5005560017598183
1,1,0,-0.493885989605401
0,0,0,-0.48361418408478807
1,1,0,-0.6636628654876068
1,1,0,-0.8779605604660063
1,0,0,-0.44763576989672604
1,1,0,-0.645246893145961
0,0,0,-0.6796737682847781
0,0,0,-0.7113276479865179
1,1,0,0.39834062363163686
0,0,1,2.614766914492807
0,1,1,0.32492534144156443
1,1,1,-0.06860903375469271
0,0,0,0.06481628315991438
0,0,1,-0.020715544831560854
0,0,1,-0.4447474124375772
1,1,0,-0.4337001098953942
0,1,1,1.7957080987091916
1,1,3,0.7392410090862609
0,0,0,-0.5782134190420467
0,0,3,7.255021015529769
0,0,0,-0.6799082328143055
1,1,3,0.43233423182177966
1,1,3,0.766135320732992
1,1,1,-0.4616420370482995
1,1,0,-0.4666291042579348
1,1,1,-0.6299739404567319
1,1,3,1.7627464121379686
1,0,0,-0.15868911345769093
0,0,1,-0.0968332072295126
1,1,0,-0.7593773013011157
1,0,1,-0.35189995142288705
0,1,0,-0.7446498530817235
1,1,0,-0.22883986425842864
0,0,1,-0.2222142651900501
0,0,1,-0.42775770572874333
0,0,0,-0.10671536241949957
0,1,0,-0.939228007427625
1,0,1,-0.15213152904081784
0,0,3,1.6421633748106967
1,1,1,0.7105713099418981
0,0,1,-0.22748397208097035
1,0,0,-0.670588758218356
1,0,0,-0.3506218922044779
1,1,1,0.6117443322821473
1,1,3,1.8918445021486605
0,1,1,-0.28674000959260126
0,1,0,-0.7526430923493632
0,0,3,0.36402869635642904
1,1,3,0.7751025745577463
0,0,3,9.430312690552379
0,0,3,0.2145299789560994
1,1,0,-0.291276446103621
0,1,0,-0.24502193074368392
1,1,0,-0.40522388444518614
0,1,0,-0.2680456835031541
1,1,0,-0.4153792687426009
1,1,0,-0.7049974249778854
1,1,0,-0.3606933817403963
0,0,1,-0.049053902617574
1,1,1,0.7407203143866415
1,1,1,0.7846553644231674
1,0,0,-0.9533027256126837
0,1,0,-0.8541889787596936
1,0,1,-0.3042808103482685
1,1,1,-0.04476045171324451
0,0,1,-0.22090146751809847
0,0,0,-0.6178476878201316
1,1,0,-0.3444888320401971
1,0,3,3.3343049966016833
1,1,0,-0.6368519765416428
1,0,0,-0.779936862827325
1,1,1,-0.3355210139236409
0,0,1,-0.6498056955517594
1,0,0,-0.5582177971317891
1,1,0,-0.3575352191781937
0,1,0,-0.7280770049174894
1,1,0,0.1933519419393616
0,0,0,-0.6167744195410928
1,1,0,-0.5452376847621753
0,0,1,-0.40390982954795274
1,1,1,0.19648308234340914
1,1,1,0.26066479835430395
1,1,0,-0.9045924483161368
0,1,0,-0.8405444918473182
0,0,1,0.16167234344298917
1,1,0,0.6915461863319957
0,0,0,-0.11037928901223466
0,0,0,-0.7839963408204672
0,0,0,-0.82886178829794
1,1,0,-0.7132792149136227
1,1,3,1.1271670894219665
1,0,0,-0.6954181475579718
0,0,3,1.9382446963228468
0,0,3,0.14353695063746372
1,1,0,-0.34278092683324757
1,1,0,0.2359069712702293
1,1,0,-0.2798782405310215
1,1,0,0.6476566497348625
1,1,0,-0.333361143839218
0,0,3,0.2030993243161582
0,1,1,-0.086033861298155
0,0,3,2.017890089734328
1,1,0,0.071297865298855
1,1,1,-0.39716536679934256
1,0,0,-0.8187143044646308
0,1,0,0.4971552076187564
0,0,3,1.1305432551339563
1,1,1,0.8765054742471988
1,1,0,-0.6965052413662426
1,1,1,-0.804415009524193
0,1,0,-0.7980093631791385
1,1,0,-0.6046554380095903
0,1,2,1.1073350036776413
0,0,1,0.5049885037509583
1,1,0,-0.18815713727114317
0,1,1,-0.45505680366355067
0,0,0,-0.8562936089935539
1,1,0,-0.38125489051464867
1,1,0,-0.29861709835172884
1,0,0,-0.46038538819319774
1,0,0,-0.08847935191370365
1,1,3,0.29410072211409083
0,0,0,-0.5471682099299784
1,1,0,-0.12531864883300267
0,0,1,0.3200982120530927
1,1,0,-0.5318944565936626
1,1,3,2.176199939464594
1,0,3,1.2318502857796414
0,1,0,-0.9068179295882579
1,0,0,-0.8550909684810408
1,1,0,0.30249628532014494
1,1,0,-0.5205123210685295
1,1,0,-0.7558088865575031
0,0,0,-0.3540622113489185
0,0,3,8.390294799628599
0,0,3,-0.09643301705117323
0,0,0,1.234134987175501
1,0,0,-0.3061161773348321
0,1,1,-0.8634152007082452
0,0,1,-0.44724314029181594
1,1,0,-0.6683037256786468
0,0,2,0.02607890517885078
1,1,0,-0.7851354985393746
0,0,0,-0.4797480307069251
0,0,2,-0.19283030688210825
1,1,3,2.4854675745646264
0,0,1,0.1946689993052069
1,1,0,-0.4902417229823791
1,1,1,0.4728821702316814
0,0,3,2.2764271019841535
0,0,0,-0.10844346395798392
0,0,3,0.9914431169313357
1,1,0,-0.758084923932295
0,0,0,-0.7074486741984427
1,0,0,-0.7552809983395926
1,1,0,-0.6941725365959869
0,0,2,1.4016884108645578
1,1,0,-0.26880318975766637
0,0,0,-0.8365475994115318
1,1,0,-0.7174124135006833
1,1,0,-0.6746168729276651
0,0,0,-0.5147786183068511
0,0,3,0.178378721706993
0,0,0,-0.6644566695794119
0,0,0,-0.743223074307556
1,1,0,-0.6823946939876964
0,1,0,-0.8255064734599153
1,1,0,-0.4191712117020225
0,0,0,-0.10354840479735314
0,1,2,2.065251917483257
1,1,0,-0.8961786390351971
0,0,1,-0.36241961103523374
1,0,1,0.02111507740640937
0,0,3,2.196979477762873
1,1,0,-0.6492056890079057
1,1,0,-0.3514244986916206
0,0,0,-0.580637056898553
1,0,0,-0.028014771298396846
1,1,0,-0.15906989483984574
1,1,0,-0.4452719058777384
0,0,3,2.570199532009222
1,1,0,0.009689919148191064
0,0,3,3.608419838824912
1,1,0,-0.7529111017262767
1,1,0,0.025845287267085355
1,1,3,0.6822697825431777
1,1,3,4.566872052601522
0,1,0,-0.39746202078642884
0,0,0,-0.1454390941857156
0,0,0,-0.6517140989111722
0,0,0,-0.7249627101799021
1,1,2,-0.2835465268036269
0,0,0,-0.5811466406475234
0,0,3,0.906170373383995
0,0,1,0.27612556317356185
0,1,0,-0.006771886698677907
0,0,0,-0.48655895691505746
0,0,0,-0.49750298229385886
0,0,0,-0.7873625624761994
0,0,1,-0.6741944913994034
0,0,0,-0.6188818720005352
0,1,0,-0.8430362245605446
1,1,3,0.6420639386019573
1,1,1,0.8834901732382736
1,1,0,-0.5833114457989977
0,0,0,-0.8356111301468527
1,1,0,-0.6452230878594277
1,1,0,-0.46928544830451235
0,0,3,1.4495314270810171
1,1,3,0.8251218462745292
1,1,3,1.1642563847917395
0,1,0,-0.9510809719313179
1,1,1,0.2212676214297436
0,0,0,-0.8288185172089039
0,0,3,3.3903775625762913
1,1,3,0.8171701921382569
0,0,3,0.16701815043319224
0,0,0,-0.47757543298575755
0,1,1,-0.39555219283163545
1,1,0,-0.9113617029881889
